stock_code,base_mae,base_mape,adapt_mae,adapt_mape,num_points,start_date,end_date
833523,0.8652253746986389,2.8066601753234863,0.6724900603294373,2.2280662059783936,50,2025-07-21,2025-10-21
002413,0.11487296968698502,1.876749873161316,0.08962065726518631,1.4724375009536743,27,2025-07-21,2025-10-21
000670,0.22536635398864746,2.6113641262054443,0.1913558542728424,2.2297768592834473,52,2025-07-21,2025-10-21
300818,0.6646249294281006,2.495769500732422,0.6333869099617004,2.3781609535217285,59,2025-07-21,2025-10-21
300558,1.7652825117111206,2.6299471855163574,1.7114089727401733,2.54923415184021,61,2025-07-21,2025-10-21
300374,0.3216852843761444,1.778351902961731,0.3310365378856659,1.8372647762298584,27,2025-07-21,2025-10-21
002664,0.9399797320365906,3.3874526023864746,0.9537719488143921,3.4746105670928955,60,2025-07-21,2025-10-21
002337,0.06910809874534607,1.1721819639205933,0.0565483495593071,0.958560049533844,27,2025-07-21,2025-10-21
605060,0.6377165913581848,2.6339662075042725,0.5435700416564941,2.2204396724700928,27,2025-07-21,2025-10-21
002202,0.3428507447242737,2.6405787467956543,0.2873082756996155,2.2139744758605957,59,2025-07-21,2025-10-21
688315,0.27587878704071045,1.7194222211837769,0.24779722094535828,1.544635534286499,52,2025-07-21,2025-10-21
600763,0.6870015263557434,1.4795678853988647,0.6264801025390625,1.3535394668579102,27,2025-07-21,2025-10-21
000755,0.03414961323142052,0.6762585639953613,0.03405482694506645,0.676507294178009,27,2025-07-21,2025-10-21
000725,0.041010670363903046,1.009582757949829,0.03289365768432617,0.8123505711555481,27,2025-07-21,2025-10-21
002259,0.1128864735364914,2.4502885341644287,0.08172343671321869,1.7988429069519043,27,2025-07-21,2025-10-21
300331,0.3930360972881317,1.7368651628494263,0.30456289649009705,1.3549882173538208,27,2025-07-21,2025-10-21
300453,0.26448604464530945,2.6335768699645996,0.23647552728652954,2.3600172996520996,27,2025-07-21,2025-10-21
603366,0.1696474850177765,1.6495451927185059,0.15888617932796478,1.5405997037887573,61,2025-07-21,2025-10-21
688449,0.7343946099281311,1.590747356414795,0.700657308101654,1.4982792139053345,27,2025-07-21,2025-10-21
000690,0.045357611030340195,0.9632989764213562,0.04350155219435692,0.9258977174758911,52,2025-07-21,2025-10-21
688038,0.4473976492881775,2.5177388191223145,0.3650110065937042,2.0775115489959717,61,2025-07-21,2025-10-21
300155,0.08370044082403183,1.6751385927200317,0.07337860018014908,1.464279294013977,61,2025-07-21,2025-10-21
838402,0.39498987793922424,3.197840690612793,0.36544033885002136,3.028301477432251,35,2025-07-21,2025-10-21
605055,0.15162169933319092,2.010471820831299,0.13851851224899292,1.8257519006729126,27,2025-07-21,2025-10-21
600740,0.07288781553506851,1.7746624946594238,0.06563262641429901,1.6069576740264893,27,2025-07-21,2025-10-21
300346,0.5605030059814453,1.6543136835098267,0.5189411640167236,1.5412068367004395,27,2025-07-21,2025-10-21
601138,2.4658448696136475,4.896103382110596,1.9644120931625366,3.9203684329986572,59,2025-07-21,2025-10-21
688305,0.8386653065681458,1.3458737134933472,0.9596005082130432,1.5417242050170898,52,2025-07-21,2025-10-21
300843,2.6754252910614014,5.159500598907471,2.2695536613464355,4.428699016571045,52,2025-07-21,2025-10-21
000100,0.05696939304471016,1.2788525819778442,0.05369073152542114,1.2033401727676392,61,2025-07-21,2025-10-21
002851,2.935535192489624,3.9218671321868896,2.6058273315429688,3.518733024597168,52,2025-07-21,2025-10-21
600771,0.27525144815444946,1.2751333713531494,0.2902122735977173,1.3430521488189697,27,2025-07-21,2025-10-21
301500,0.35996586084365845,2.1201930046081543,0.3202729821205139,1.893568754196167,59,2025-07-21,2025-10-21
300841,2.5150938034057617,3.1755447387695312,2.1402084827423096,2.7639827728271484,59,2025-07-21,2025-10-21
002815,0.5208038687705994,3.4386205673217773,0.4394003450870514,2.919180393218994,52,2025-07-21,2025-10-21
300299,0.1472189575433731,2.0788512229919434,0.12097436934709549,1.6976418495178223,52,2025-07-21,2025-10-21
301391,2.4524805545806885,3.709429979324341,1.7036559581756592,2.7435569763183594,59,2025-07-21,2025-10-21
002334,0.16701914370059967,1.78202223777771,0.16195513308048248,1.7445508241653442,27,2025-07-21,2025-10-21
002250,0.24959877133369446,2.2844343185424805,0.22239865362644196,2.0330965518951416,52,2025-07-21,2025-10-21
600326,0.5318869948387146,3.660832643508911,0.4567110538482666,3.11295223236084,61,2025-07-21,2025-10-21
002286,0.15013200044631958,1.3894778490066528,0.13525213301181793,1.2479450702667236,27,2025-07-21,2025-10-21
600101,0.09466051310300827,0.9124745726585388,0.0699605941772461,0.6756690740585327,27,2025-07-21,2025-10-21
301552,0.6512008905410767,1.5691413879394531,0.5803308486938477,1.3931715488433838,59,2025-07-21,2025-10-21
688484,1.271734356880188,2.8153908252716064,1.2050474882125854,2.6345720291137695,27,2025-07-21,2025-10-21
300723,2.2451536655426025,3.3517837524414062,2.2883412837982178,3.44010853767395,60,2025-07-21,2025-10-21
000908,0.062393736094236374,1.0648431777954102,0.05466964468359947,0.9324533939361572,27,2025-07-21,2025-10-21
601636,0.12385012209415436,1.9157330989837646,0.11140401661396027,1.717929720878601,52,2025-07-21,2025-10-21
603899,0.3791089951992035,1.2115713357925415,0.4068983495235443,1.2993431091308594,27,2025-07-21,2025-10-21
002538,0.05487823486328125,1.0336976051330566,0.05327576398849487,1.0013154745101929,61,2025-07-21,2025-10-21
600309,1.0824774503707886,1.667867660522461,0.9569724202156067,1.4709968566894531,61,2025-07-21,2025-10-21
002133,0.055759068578481674,1.6368335485458374,0.04812237247824669,1.411026120185852,60,2025-07-21,2025-10-21
605287,0.5186314582824707,2.5621187686920166,0.42590129375457764,2.1326160430908203,61,2025-07-21,2025-10-21
300972,3.30318021774292,2.1250181198120117,2.7649998664855957,1.7770780324935913,27,2025-07-21,2025-10-21
688819,0.49955111742019653,1.6297247409820557,0.45394569635391235,1.4843811988830566,61,2025-07-21,2025-10-21
688646,0.4592086672782898,1.4714882373809814,0.43632936477661133,1.4043244123458862,61,2025-07-21,2025-10-21
600127,0.04916048049926758,0.6971502304077148,0.05276980251073837,0.7490533590316772,27,2025-07-21,2025-10-21
688190,2.5496809482574463,2.3479602336883545,2.4493181705474854,2.2649078369140625,59,2025-07-21,2025-10-21
300097,0.07244956493377686,1.2759836912155151,0.06938881427049637,1.2233984470367432,61,2025-07-21,2025-10-21
002051,0.09307700395584106,1.0671989917755127,0.08889451622962952,1.020061731338501,61,2025-07-21,2025-10-21
000932,0.11204781383275986,1.950628638267517,0.09149858355522156,1.596684217453003,27,2025-07-21,2025-10-21
300413,0.5279911756515503,2.112912654876709,0.424545556306839,1.726070761680603,27,2025-07-21,2025-10-21
300939,0.4984282851219177,1.4993115663528442,0.485504150390625,1.45546555519104,27,2025-07-21,2025-10-21
002141,0.09338310360908508,2.3271377086639404,0.08654280751943588,2.1693079471588135,60,2025-07-21,2025-10-21
300455,0.6094217896461487,3.4086410999298096,0.5471215844154358,3.0781893730163574,27,2025-07-21,2025-10-21
002323,0.03346148133277893,1.906103253364563,0.029774820432066917,1.7432533502578735,27,2025-07-21,2025-10-21
600327,0.04395541176199913,0.8901714086532593,0.04415486380457878,0.8930085301399231,61,2025-07-21,2025-10-21
300842,1.4230585098266602,2.500945806503296,1.2027945518493652,2.138789415359497,59,2025-07-21,2025-10-21
601311,0.20095327496528625,1.932083249092102,0.17576751112937927,1.6886833906173706,59,2025-07-21,2025-10-21
832175,0.2501538395881653,1.9362022876739502,0.2368520349264145,1.8232759237289429,50,2025-07-21,2025-10-21
600162,0.017889251932501793,1.0393086671829224,0.017569364979863167,1.0261486768722534,27,2025-07-21,2025-10-21
002878,0.29407113790512085,1.5319249629974365,0.2957880198955536,1.5399225950241089,27,2025-07-21,2025-10-21
600216,0.18617063760757446,1.219124436378479,0.157251238822937,1.0252854824066162,61,2025-07-21,2025-10-21
600058,0.1446424126625061,1.6834262609481812,0.14008089900016785,1.5949372053146362,27,2025-07-21,2025-10-21
300248,0.2687104344367981,1.9379894733428955,0.21975287795066833,1.5648750066757202,59,2025-07-21,2025-10-21
300748,1.2958862781524658,3.6061112880706787,1.185616135597229,3.272669792175293,59,2025-07-21,2025-10-21
837174,2.0856618881225586,5.63909912109375,1.8246005773544312,5.033146858215332,45,2025-07-21,2025-10-21
002066,0.3320256471633911,2.345181465148926,0.28853797912597656,2.0478603839874268,61,2025-07-21,2025-10-21
688550,0.6899169683456421,1.5970213413238525,0.7525500655174255,1.7398797273635864,27,2025-07-21,2025-10-21
832023,0.08156821131706238,1.7390751838684082,0.08386537432670593,1.7814173698425293,50,2025-07-21,2025-10-21
002953,0.2652761936187744,2.1054956912994385,0.2503354549407959,2.0067365169525146,27,2025-07-21,2025-10-21
603878,0.0772521048784256,1.349886417388916,0.061736106872558594,1.0818376541137695,27,2025-07-21,2025-10-21
300557,0.5253204703330994,1.8606353998184204,0.4833528697490692,1.7047700881958008,61,2025-07-21,2025-10-21
002884,0.2553310990333557,1.4805546998977661,0.24010644853115082,1.3988124132156372,27,2025-07-21,2025-10-21
601788,0.25103747844696045,1.30751371383667,0.25343531370162964,1.3203647136688232,52,2025-07-21,2025-10-21
600320,0.060030531138181686,1.2951143980026245,0.05957236886024475,1.2832125425338745,61,2025-07-21,2025-10-21
300774,0.4179186522960663,3.549243450164795,0.3031417727470398,2.7338614463806152,59,2025-07-21,2025-10-21
833751,0.6920541524887085,3.0818827152252197,0.6486860513687134,2.8766696453094482,50,2025-07-21,2025-10-21
605599,0.23131051659584045,1.5682792663574219,0.20860731601715088,1.4090298414230347,61,2025-07-21,2025-10-21
300340,0.4705407917499542,2.6780974864959717,0.4408673048019409,2.515263557434082,27,2025-07-21,2025-10-21
301267,0.25986453890800476,1.263375997543335,0.23193834722042084,1.1236774921417236,61,2025-07-21,2025-10-21
001277,1.553871989250183,3.154141426086426,1.4792548418045044,3.018867254257202,27,2025-07-21,2025-10-21
300423,0.06730484217405319,0.9653025269508362,0.06060250476002693,0.8705599904060364,27,2025-07-21,2025-10-21
000757,0.06182080879807472,1.2422128915786743,0.060070957988500595,1.2114648818969727,27,2025-07-21,2025-10-21
301178,1.5191692113876343,2.540776014328003,1.4296056032180786,2.3890438079833984,61,2025-07-21,2025-10-21
600562,0.5167275667190552,1.736285924911499,0.5040091872215271,1.6816202402114868,27,2025-07-21,2025-10-21
300755,0.5133162140846252,2.582900047302246,0.429991215467453,2.195596694946289,59,2025-07-21,2025-10-21
002024,0.01540878601372242,0.8363913893699646,0.017448177561163902,0.9393913745880127,61,2025-07-21,2025-10-21
300260,1.9397870302200317,4.173567771911621,1.856263279914856,4.017495155334473,59,2025-07-21,2025-10-21
688096,0.1773758977651596,1.8909235000610352,0.17115257680416107,1.8334554433822632,61,2025-07-21,2025-10-21
301170,0.3914364278316498,1.3846663236618042,0.32288557291030884,1.1438405513763428,61,2025-07-21,2025-10-21
300275,0.2712201774120331,1.9663445949554443,0.25920191407203674,1.8728617429733276,59,2025-07-21,2025-10-21
872925,0.9524613618850708,3.6520416736602783,0.8033524751663208,3.111654281616211,27,2025-07-21,2025-10-21
603301,1.2061511278152466,2.917306900024414,1.072520136833191,2.6436057090759277,61,2025-07-21,2025-10-21
600507,0.11432519555091858,1.9650896787643433,0.1007271558046341,1.7434109449386597,52,2025-07-21,2025-10-21
835237,0.9171079397201538,3.2115232944488525,0.8894163370132446,3.150623321533203,50,2025-07-21,2025-10-21
601616,0.04748590663075447,1.2037559747695923,0.0509064719080925,1.2892937660217285,52,2025-07-21,2025-10-21
002694,0.06828457117080688,1.5245864391326904,0.06284207105636597,1.3999006748199463,59,2025-07-21,2025-10-21
300726,0.7900551557540894,2.092475175857544,0.7638824582099915,2.029386043548584,60,2025-07-21,2025-10-21
300572,0.8787147402763367,3.173686981201172,0.7730515599250793,2.8091506958007812,56,2025-07-21,2025-10-21
688039,2.2523326873779297,4.30879545211792,2.0568902492523193,3.930227756500244,61,2025-07-21,2025-10-21
603938,0.24638719856739044,1.625199794769287,0.21758754551410675,1.4412434101104736,27,2025-07-21,2025-10-21
300708,0.1396729201078415,1.5372051000595093,0.1546734869480133,1.7014851570129395,60,2025-07-21,2025-10-21
688260,1.1342990398406982,4.004059791564941,0.9682164192199707,3.3461906909942627,54,2025-07-21,2025-10-21
600828,0.1065400242805481,2.414686918258667,0.10161802172660828,2.3233909606933594,61,2025-07-21,2025-10-21
688251,0.8370934724807739,3.2430264949798584,0.6903572678565979,2.714158296585083,59,2025-07-21,2025-10-21
600543,0.06881074607372284,1.0605446100234985,0.06738448888063431,1.0422197580337524,27,2025-07-21,2025-10-21
600130,0.04748593270778656,1.344069242477417,0.043271638453006744,1.2372580766677856,27,2025-07-21,2025-10-21
300337,0.16455720365047455,1.4761162996292114,0.13823576271533966,1.2375130653381348,27,2025-07-21,2025-10-21
002654,0.4173368215560913,2.943779945373535,0.3613830804824829,2.581627607345581,61,2025-07-21,2025-10-21
603458,0.22450701892375946,2.45603609085083,0.19821994006633759,2.1748926639556885,59,2025-07-21,2025-10-21
603227,0.17507947981357574,1.8731213808059692,0.1472281515598297,1.585898756980896,61,2025-07-21,2025-10-21
002235,0.15761563181877136,1.9335296154022217,0.13725224137306213,1.68564772605896,52,2025-07-21,2025-10-21
000952,0.08748535066843033,1.258505940437317,0.07986081391572952,1.1508134603500366,27,2025-07-21,2025-10-21
002398,0.11535215377807617,2.012603759765625,0.08719126135110855,1.536882996559143,27,2025-07-21,2025-10-21
002791,0.27141550183296204,1.209319829940796,0.2743278741836548,1.2214213609695435,54,2025-07-21,2025-10-21
688779,0.16989129781723022,2.477430820465088,0.1475263237953186,2.188220500946045,61,2025-07-21,2025-10-21
002855,0.2781780958175659,1.466138243675232,0.23830802738666534,1.2666456699371338,27,2025-07-21,2025-10-21
600765,0.183097705245018,1.059070110321045,0.1662873923778534,0.9634759426116943,27,2025-07-21,2025-10-21
688371,0.5451786518096924,2.7774951457977295,0.4385295510292053,2.241365909576416,27,2025-07-21,2025-10-21
001965,0.09661399573087692,0.9135186672210693,0.0908205434679985,0.8581186532974243,61,2025-07-21,2025-10-21
600375,0.17216843366622925,2.2711715698242188,0.1395527720451355,1.858664870262146,59,2025-07-21,2025-10-21
600343,0.36009901762008667,2.4157090187072754,0.3197243809700012,2.14955472946167,59,2025-07-21,2025-10-21
688367,0.2621554732322693,1.3061107397079468,0.25640127062797546,1.2812548875808716,27,2025-07-21,2025-10-21
601965,0.21577538549900055,1.0950747728347778,0.18587401509284973,0.9479936361312866,27,2025-07-21,2025-10-21
603799,1.439070463180542,2.900054931640625,1.1903049945831299,2.406402587890625,52,2025-07-21,2025-10-21
300612,0.2384115308523178,1.5827921628952026,0.23135153949260712,1.5350022315979004,61,2025-07-21,2025-10-21
605319,0.9412916898727417,3.143278121948242,0.7868404984474182,2.5971498489379883,61,2025-07-21,2025-10-21
000507,0.039648041129112244,0.7198067903518677,0.03853930905461311,0.6983529925346375,61,2025-07-21,2025-10-21
002442,0.07729408144950867,1.1712961196899414,0.07174468785524368,1.0899105072021484,27,2025-07-21,2025-10-21
603909,0.18189355731010437,1.702579140663147,0.21172240376472473,1.9847044944763184,27,2025-07-21,2025-10-21
300746,0.3111006021499634,2.021946668624878,0.2786615192890167,1.7824769020080566,59,2025-07-21,2025-10-21
834058,0.9816818833351135,2.457627534866333,1.029872179031372,2.5773205757141113,50,2025-07-21,2025-10-21
301499,0.46288493275642395,1.6558376550674438,0.419983834028244,1.4996682405471802,59,2025-07-21,2025-10-21
002414,0.3103039264678955,2.542933464050293,0.24846309423446655,2.0382490158081055,27,2025-07-21,2025-10-21
300976,1.2136425971984863,2.0615293979644775,1.2485108375549316,2.1196415424346924,27,2025-07-21,2025-10-21
600892,0.08071177452802658,2.215080976486206,0.06924784183502197,1.9270174503326416,61,2025-07-21,2025-10-21
002838,0.5706443190574646,2.237942695617676,0.5712069869041443,2.2513818740844727,52,2025-07-21,2025-10-21
601319,0.11100121587514877,1.334597110748291,0.1014360561966896,1.2164177894592285,59,2025-07-21,2025-10-21
000036,0.11287011206150055,2.6140387058258057,0.09990886598825455,2.328437089920044,61,2025-07-21,2025-10-21
300713,0.37356236577033997,2.0070242881774902,0.3461083471775055,1.8583623170852661,60,2025-07-21,2025-10-21
603315,0.228812113404274,1.6720643043518066,0.20663005113601685,1.507951021194458,61,2025-07-21,2025-10-21
003020,1.3808627128601074,4.337306499481201,1.1472519636154175,3.6441636085510254,27,2025-07-21,2025-10-21
603391,0.8572766184806824,1.8124871253967285,0.667314887046814,1.4331467151641846,61,2025-07-21,2025-10-21
002371,6.637078285217285,1.9019484519958496,5.732901096343994,1.6505366563796997,27,2025-07-21,2025-10-21
688726,0.878794252872467,1.864484190940857,0.7924603819847107,1.669747233390808,61,2025-07-21,2025-10-21
301017,0.13590691983699799,1.0344047546386719,0.12247424572706223,0.9337253570556641,27,2025-07-21,2025-10-21
833429,0.3996948003768921,1.8902040719985962,0.3496502637863159,1.6290518045425415,50,2025-07-21,2025-10-21
688548,0.18801240622997284,1.7172679901123047,0.13670974969863892,1.2587571144104004,27,2025-07-21,2025-10-21
300157,0.10362056642770767,2.0958821773529053,0.11467520147562027,2.3196043968200684,61,2025-07-21,2025-10-21
600257,0.06765028834342957,1.229844570159912,0.06592778116464615,1.2036446332931519,61,2025-07-21,2025-10-21
002868,0.5778413414955139,2.1239781379699707,0.4789237380027771,1.7703109979629517,27,2025-07-21,2025-10-21
603949,0.27546897530555725,1.3999229669570923,0.2916150391101837,1.479376196861267,27,2025-07-21,2025-10-21
603815,0.2962879538536072,2.8409180641174316,0.278452605009079,2.678375244140625,52,2025-07-21,2025-10-21
000007,0.10477681457996368,1.4227852821350098,0.09614875167608261,1.3077105283737183,61,2025-07-21,2025-10-21
688395,0.517437756061554,2.0211660861968994,0.4660756289958954,1.8181594610214233,27,2025-07-21,2025-10-21
301266,0.4996855556964874,1.406661033630371,0.48905301094055176,1.376308798789978,61,2025-07-21,2025-10-21
603185,0.5148760676383972,2.4256861209869385,0.5124163031578064,2.41879940032959,61,2025-07-21,2025-10-21
000596,2.6698710918426514,1.6869577169418335,2.470590591430664,1.5653595924377441,59,2025-07-21,2025-10-21
002418,0.1381501704454422,3.244680643081665,0.11385903507471085,2.6823925971984863,27,2025-07-21,2025-10-21
600141,0.4494839310646057,1.7607046365737915,0.4127645790576935,1.6193281412124634,27,2025-07-21,2025-10-21
301099,1.138327956199646,2.6227610111236572,0.9801470637321472,2.2716081142425537,61,2025-07-21,2025-10-21
300510,0.15359598398208618,2.755239725112915,0.13490670919418335,2.411298990249634,27,2025-07-21,2025-10-21
001309,1.5236033201217651,1.702995777130127,1.5408873558044434,1.7116152048110962,27,2025-07-21,2025-10-21
300522,0.2708572745323181,1.775960087776184,0.27041497826576233,1.7789264917373657,27,2025-07-21,2025-10-21
688097,0.7183565497398376,2.118154764175415,0.6696416735649109,1.976800560951233,61,2025-07-21,2025-10-21
002191,0.0706234946846962,1.5916492938995361,0.06456223875284195,1.4642337560653687,59,2025-07-21,2025-10-21
603160,1.0676029920578003,1.3732576370239258,1.0878114700317383,1.4021868705749512,27,2025-07-21,2025-10-21
002048,1.0199161767959595,3.506169557571411,0.8791807293891907,2.997253179550171,61,2025-07-21,2025-10-21
603858,0.17880065739154816,0.9681586027145386,0.1622002273797989,0.8743219971656799,27,2025-07-21,2025-10-21
002546,0.06495203077793121,1.0861566066741943,0.06951253861188889,1.1592843532562256,61,2025-07-21,2025-10-21
002567,0.036336734890937805,0.7373693585395813,0.03775610774755478,0.7668294906616211,61,2025-07-21,2025-10-21
605180,0.23229728639125824,1.4914634227752686,0.22397199273109436,1.4343613386154175,61,2025-07-21,2025-10-21
002899,0.27612170577049255,1.1924911737442017,0.3073141276836395,1.3280867338180542,27,2025-07-21,2025-10-21
300729,0.19623495638370514,1.3032341003417969,0.19621825218200684,1.3070603609085083,60,2025-07-21,2025-10-21
603773,0.9863725304603577,3.0357747077941895,0.8663373589515686,2.6577870845794678,52,2025-07-21,2025-10-21
688518,0.5385647416114807,2.3702847957611084,0.570984423160553,2.5135674476623535,27,2025-07-21,2025-10-21
600776,0.1111501082777977,0.9806316494941711,0.10539040714502335,0.9308127760887146,27,2025-07-21,2025-10-21
300268,0.1401900202035904,1.3031131029129028,0.14715705811977386,1.365055799484253,59,2025-07-21,2025-10-21
603948,0.221758171916008,1.0190808773040771,0.24840094149112701,1.1371678113937378,27,2025-07-21,2025-10-21
300175,0.10030734539031982,1.7151564359664917,0.08260586112737656,1.4177004098892212,61,2025-07-21,2025-10-21
301137,1.315724492073059,3.3661093711853027,1.1859681606292725,3.038379192352295,61,2025-07-21,2025-10-21
600538,0.11999280005693436,1.8873250484466553,0.10634429007768631,1.6792120933532715,27,2025-07-21,2025-10-21
600251,0.11149153113365173,1.311567783355713,0.10208942741155624,1.2040241956710815,61,2025-07-21,2025-10-21
600955,0.12905298173427582,0.8915500640869141,0.12584105134010315,0.869946300983429,61,2025-07-21,2025-10-21
603613,0.6152442097663879,2.1288962364196777,0.5736672282218933,1.9994229078292847,59,2025-07-21,2025-10-21
601211,0.2508483827114105,1.2566412687301636,0.23175621032714844,1.1613941192626953,59,2025-07-21,2025-10-21
002501,0.04371322691440582,1.941324234008789,0.03263688087463379,1.4672558307647705,27,2025-07-21,2025-10-21
300583,0.23688404262065887,1.4394787549972534,0.22264441847801208,1.3418388366699219,61,2025-07-21,2025-10-21
300386,0.28935763239860535,1.4466909170150757,0.2845602333545685,1.4211009740829468,27,2025-07-21,2025-10-21
002004,0.06174791231751442,1.2965565919876099,0.058440521359443665,1.2273496389389038,61,2025-07-21,2025-10-21
301421,4.671873092651367,4.714873313903809,4.202958583831787,4.279418468475342,59,2025-07-21,2025-10-21
000615,0.04302721098065376,1.3247370719909668,0.04197565093636513,1.299706220626831,59,2025-07-21,2025-10-21
688296,0.2529570758342743,1.7462060451507568,0.2460830807685852,1.6991485357284546,52,2025-07-21,2025-10-21
605339,0.1673957258462906,0.9536809921264648,0.1628052145242691,0.9266539216041565,61,2025-07-21,2025-10-21
300433,0.6063973903656006,2.3575491905212402,0.4726068675518036,1.850029468536377,27,2025-07-21,2025-10-21
688297,1.3877570629119873,2.5688512325286865,1.2305461168289185,2.278245687484741,52,2025-07-21,2025-10-21
300345,0.2128249853849411,2.527061939239502,0.2027830183506012,2.4112813472747803,27,2025-07-21,2025-10-21
000157,0.11540449410676956,1.495001196861267,0.10368043929338455,1.3481582403182983,61,2025-07-21,2025-10-21
002063,0.0814802497625351,1.2842682600021362,0.07370693981647491,1.159895896911621,61,2025-07-21,2025-10-21
830832,0.13729247450828552,1.5919959545135498,0.14296478033065796,1.6555187702178955,50,2025-07-21,2025-10-21
001322,0.08574485778808594,0.9636763334274292,0.07962208986282349,0.897590160369873,27,2025-07-21,2025-10-21
300422,0.07537848502397537,1.4118404388427734,0.06930436193943024,1.3003188371658325,27,2025-07-21,2025-10-21
002034,0.15349172055721283,0.8853136301040649,0.1582493633031845,0.9123227596282959,61,2025-07-21,2025-10-21
000751,0.048838138580322266,1.4081840515136719,0.04440968856215477,1.2860498428344727,27,2025-07-21,2025-10-21
301322,0.8052396774291992,2.4769489765167236,0.7460748553276062,2.2884645462036133,59,2025-07-21,2025-10-21
002062,0.3097307085990906,3.7047691345214844,0.25558051466941833,3.0992631912231445,61,2025-07-21,2025-10-21
603568,0.19432972371578217,0.9682325720787048,0.18828941881656647,0.9503371715545654,59,2025-07-21,2025-10-21
300498,0.20477181673049927,1.1387841701507568,0.19260329008102417,1.0758681297302246,27,2025-07-21,2025-10-21
300846,0.6179856657981873,2.722458839416504,0.5723209977149963,2.525455951690674,52,2025-07-21,2025-10-21
603153,0.3846132457256317,2.0005075931549072,0.36988645792007446,1.9340064525604248,27,2025-07-21,2025-10-21
300290,0.9805848002433777,3.958237886428833,0.7429680228233337,3.0389301776885986,52,2025-07-21,2025-10-21
002599,0.1660156399011612,1.8528352975845337,0.16959728300571442,1.888145089149475,61,2025-07-21,2025-10-21
688129,0.4694969952106476,1.8947246074676514,0.4634438455104828,1.85012948513031,59,2025-07-21,2025-10-21
688181,1.0592224597930908,2.8434133529663086,0.9653340578079224,2.5961811542510986,59,2025-07-21,2025-10-21
603023,0.10930562764406204,2.493879556655884,0.0829617902636528,1.9136312007904053,27,2025-07-21,2025-10-21
300541,0.24703770875930786,1.5146970748901367,0.22303104400634766,1.374004602432251,27,2025-07-21,2025-10-21
603026,0.4830363094806671,1.2643773555755615,0.46538245677948,1.2206581830978394,27,2025-07-21,2025-10-21
600616,0.0744379386305809,1.2828872203826904,0.05479326844215393,0.9428115487098694,27,2025-07-21,2025-10-21
300079,0.08554193377494812,1.4365589618682861,0.08608182519674301,1.4499640464782715,61,2025-07-21,2025-10-21
002265,2.0992395877838135,5.217901229858398,1.7290552854537964,4.322991371154785,27,2025-07-21,2025-10-21
002289,0.8831523060798645,3.6379590034484863,0.8144668340682983,3.382462739944458,27,2025-07-21,2025-10-21
600858,0.07877413183450699,1.3557345867156982,0.07028922438621521,1.2104508876800537,61,2025-07-21,2025-10-21
600050,0.0686863586306572,1.2286115884780884,0.06627411395311356,1.1885936260223389,52,2025-07-21,2025-10-21
600779,0.6519861817359924,1.4614845514297485,0.6754187345504761,1.5217400789260864,27,2025-07-21,2025-10-21
600658,0.2574395537376404,4.015054702758789,0.23946015536785126,3.6760001182556152,27,2025-07-21,2025-10-21
601928,0.06553363800048828,0.5900074243545532,0.052303314208984375,0.47097495198249817,27,2025-07-21,2025-10-21
001231,0.311227947473526,1.4584063291549683,0.3050655722618103,1.43074369430542,27,2025-07-21,2025-10-21
871478,0.5567989349365234,1.8821821212768555,0.509804904460907,1.7162760496139526,27,2025-07-21,2025-10-21
836675,0.2427799105644226,1.9793802499771118,0.22485952079296112,1.8071231842041016,50,2025-07-21,2025-10-21
002301,0.056141871958971024,0.7825766801834106,0.05085325241088867,0.7099648714065552,27,2025-07-21,2025-10-21
001356,0.0907270610332489,0.6067288517951965,0.09991857409477234,0.6670229434967041,27,2025-07-21,2025-10-21
600577,0.1249847263097763,1.531490683555603,0.11675022542476654,1.4419220685958862,27,2025-07-21,2025-10-21
301469,0.37751466035842896,1.311453104019165,0.36759522557258606,1.2766013145446777,59,2025-07-21,2025-10-21
002395,0.26385971903800964,1.392581582069397,0.21609999239444733,1.1388185024261475,27,2025-07-21,2025-10-21
300589,0.27529677748680115,1.9540326595306396,0.2720724642276764,1.9111000299453735,61,2025-07-21,2025-10-21
300091,0.04739268496632576,1.5962932109832764,0.04815080016851425,1.629777193069458,61,2025-07-21,2025-10-21
300078,0.0716935247182846,1.9598636627197266,0.06474481523036957,1.7592535018920898,61,2025-07-21,2025-10-21
603900,0.20445135235786438,1.9568324089050293,0.18147383630275726,1.7323434352874756,27,2025-07-21,2025-10-21
601128,0.08184398710727692,1.1074057817459106,0.07328764349222183,0.9899258613586426,59,2025-07-21,2025-10-21
002670,0.5649179816246033,2.923922538757324,0.5191062092781067,2.6846635341644287,59,2025-07-21,2025-10-21
300018,0.20966540277004242,2.2621006965637207,0.2028670758008957,2.2054266929626465,61,2025-07-21,2025-10-21
601799,1.2047327756881714,0.9696831107139587,1.1865895986557007,0.9600162506103516,27,2025-07-21,2025-10-21
300599,0.15806108713150024,1.9357930421829224,0.1526447981595993,1.8562754392623901,61,2025-07-21,2025-10-21
002103,0.13216008245944977,1.3151484727859497,0.10996703058481216,1.087674856185913,61,2025-07-21,2025-10-21
601005,0.028446121141314507,1.8401386737823486,0.02921033464372158,1.9133260250091553,59,2025-07-21,2025-10-21
605196,0.7706385254859924,3.3091557025909424,0.6035720109939575,2.6251397132873535,61,2025-07-21,2025-10-21
002297,0.3122919201850891,3.2439820766448975,0.314878910779953,3.2809760570526123,27,2025-07-21,2025-10-21
000995,0.20795504748821259,1.3893951177597046,0.20673826336860657,1.3784598112106323,27,2025-07-21,2025-10-21
870299,0.40355393290519714,1.9038465023040771,0.3706400692462921,1.7504634857177734,27,2025-07-21,2025-10-21
603969,0.27092066407203674,3.0338406562805176,0.22257213294506073,2.526419162750244,27,2025-07-21,2025-10-21
000541,0.08068907260894775,1.2126950025558472,0.07095155119895935,1.0661256313323975,59,2025-07-21,2025-10-21
002255,0.10593577474355698,1.238531470298767,0.09700373560190201,1.1358907222747803,52,2025-07-21,2025-10-21
300484,0.35572871565818787,1.600402593612671,0.3346056044101715,1.5094187259674072,27,2025-07-21,2025-10-21
002910,0.15273815393447876,1.5004057884216309,0.14704389870166779,1.447983980178833,27,2025-07-21,2025-10-21
600610,0.3558911979198456,2.6722872257232666,0.2820144295692444,2.0947225093841553,27,2025-07-21,2025-10-21
603156,0.13821707665920258,0.6388477087020874,0.14584732055664062,0.6738689541816711,27,2025-07-21,2025-10-21
603106,0.2698632776737213,2.345425844192505,0.23852995038032532,2.0977842807769775,27,2025-07-21,2025-10-21
300286,0.31634190678596497,1.319146990776062,0.31792691349983215,1.3315919637680054,52,2025-07-21,2025-10-21
600561,0.08962823450565338,1.2680065631866455,0.09390449523925781,1.3311034440994263,27,2025-07-21,2025-10-21
001318,0.4549272954463959,2.9045352935791016,0.4479650557041168,2.8857920169830322,27,2025-07-21,2025-10-21
002895,0.3421040177345276,1.3295644521713257,0.32731521129608154,1.2742873430252075,27,2025-07-21,2025-10-21
600315,0.5991832613945007,2.3339781761169434,0.48160073161125183,1.8886175155639648,61,2025-07-21,2025-10-21
000026,0.533966064453125,2.918510675430298,0.47105157375335693,2.596477508544922,61,2025-07-21,2025-10-21
600446,0.4382445514202118,2.2384815216064453,0.39704981446266174,2.0266430377960205,59,2025-07-21,2025-10-21
300730,0.6470999121665955,3.3783907890319824,0.5899103879928589,3.163217306137085,60,2025-07-21,2025-10-21
601375,0.06557683646678925,1.4280776977539062,0.06063467636704445,1.3226288557052612,54,2025-07-21,2025-10-21
300902,0.6738746166229248,2.6786575317382812,0.5856596231460571,2.3095829486846924,52,2025-07-21,2025-10-21
600775,0.2979193329811096,2.3975512981414795,0.2478303611278534,2.008526563644409,27,2025-07-21,2025-10-21
605500,0.1836620420217514,1.8015013933181763,0.16889168322086334,1.6495498418807983,61,2025-07-21,2025-10-21
603166,0.3425983786582947,1.9116986989974976,0.3201647102832794,1.792211651802063,27,2025-07-21,2025-10-21
002809,0.25105467438697815,1.9983539581298828,0.24051140248775482,1.9138994216918945,52,2025-07-21,2025-10-21
300075,0.3037865161895752,1.7632458209991455,0.24720598757266998,1.4293582439422607,61,2025-07-21,2025-10-21
301002,0.8049290180206299,3.10282826423645,0.6497630476951599,2.548353672027588,27,2025-07-21,2025-10-21
300321,0.6712772250175476,2.1065852642059326,0.505487322807312,1.5997264385223389,27,2025-07-21,2025-10-21
001317,1.2114038467407227,2.4821715354919434,1.0240644216537476,2.1098856925964355,27,2025-07-21,2025-10-21
688207,0.4024847447872162,2.4047532081604004,0.39375653862953186,2.3484301567077637,59,2025-07-21,2025-10-21
603989,0.2325415015220642,1.3341526985168457,0.2323044389486313,1.33231520652771,27,2025-07-21,2025-10-21
001360,0.4509790539741516,2.536078691482544,0.4566778838634491,2.579169273376465,27,2025-07-21,2025-10-21
301161,1.69492506980896,4.701437950134277,1.4739892482757568,4.095218658447266,61,2025-07-21,2025-10-21
001298,1.0124714374542236,3.059053659439087,0.8723896145820618,2.5995805263519287,27,2025-07-21,2025-10-21
000988,1.2528564929962158,2.3154680728912354,0.9286316633224487,1.7600635290145874,27,2025-07-21,2025-10-21
688257,0.5346691608428955,2.823805809020996,0.4778697192668915,2.5614192485809326,59,2025-07-21,2025-10-21
603062,0.8726645708084106,1.6902652978897095,0.8266937732696533,1.6091442108154297,27,2025-07-21,2025-10-21
603335,0.1347750425338745,2.4346938133239746,0.1347593367099762,2.441324472427368,61,2025-07-21,2025-10-21
603823,0.3177396357059479,2.2248356342315674,0.28089770674705505,1.9681731462478638,52,2025-07-21,2025-10-21
002831,0.30420175194740295,1.184352993965149,0.2875731289386749,1.121415615081787,52,2025-07-21,2025-10-21
001288,0.5212672352790833,2.34676456451416,0.39076459407806396,1.7773780822753906,27,2025-07-21,2025-10-21
603393,0.30324795842170715,1.0276752710342407,0.28488123416900635,0.9639622569084167,61,2025-07-21,2025-10-21
002145,0.12626592814922333,2.4114863872528076,0.1080806627869606,2.085151433944702,60,2025-07-21,2025-10-21
300040,0.09758182615041733,1.351389765739441,0.09456618875265121,1.3053609132766724,61,2025-07-21,2025-10-21
002043,0.1598101407289505,1.4391224384307861,0.13688239455223083,1.2461113929748535,61,2025-07-21,2025-10-21
688359,1.4520950317382812,2.1117677688598633,1.3030489683151245,1.8980029821395874,52,2025-07-21,2025-10-21
002038,0.10483716428279877,1.3432445526123047,0.093098945915699,1.1878457069396973,61,2025-07-21,2025-10-21
300474,2.284074306488037,2.730898380279541,2.0661470890045166,2.470736026763916,27,2025-07-21,2025-10-21
600586,0.06772200018167496,1.2871372699737549,0.05926522612571716,1.1317390203475952,27,2025-07-21,2025-10-21
002491,0.07887891680002213,1.4552451372146606,0.07597494125366211,1.4040113687515259,27,2025-07-21,2025-10-21
688117,1.0238269567489624,2.490668535232544,0.9738815426826477,2.3762171268463135,59,2025-07-21,2025-10-21
300568,0.27553045749664307,2.084376811981201,0.26920974254608154,2.044114112854004,61,2025-07-21,2025-10-21
688205,5.885133743286133,5.896400451660156,5.014097213745117,4.986876964569092,59,2025-07-21,2025-10-21
688355,0.328276127576828,1.671522617340088,0.31269213557243347,1.5882093906402588,52,2025-07-21,2025-10-21
000862,0.048380639404058456,0.8533536195755005,0.043821439146995544,0.7726005911827087,27,2025-07-21,2025-10-21
688657,1.3489147424697876,2.4690306186676025,1.4605108499526978,2.658066749572754,61,2025-07-21,2025-10-21
002161,0.18412528932094574,2.2888596057891846,0.17737463116645813,2.194305419921875,59,2025-07-21,2025-10-21
600738,0.06924162805080414,1.2562729120254517,0.06847453862428665,1.247093677520752,27,2025-07-21,2025-10-21
873665,0.30455487966537476,1.992419719696045,0.3192559778690338,2.092359781265259,27,2025-07-21,2025-10-21
688252,0.5313981175422668,1.9654158353805542,0.5217158794403076,1.9292901754379272,59,2025-07-21,2025-10-21
688078,0.526750385761261,1.634130597114563,0.5092502236366272,1.571258306503296,61,2025-07-21,2025-10-21
603689,0.06613639742136002,0.7614787817001343,0.06469470262527466,0.7447980046272278,54,2025-07-21,2025-10-21
301186,0.618248701095581,1.3793530464172363,0.618915319442749,1.377698302268982,61,2025-07-21,2025-10-21
300691,0.3340941071510315,1.7487672567367554,0.2761394679546356,1.4380873441696167,61,2025-07-21,2025-10-21
300204,2.097893238067627,4.640884876251221,1.9387351274490356,4.236879348754883,59,2025-07-21,2025-10-21
301166,0.34941956400871277,1.0878221988677979,0.3252788782119751,1.011427879333496,61,2025-07-21,2025-10-21
300504,0.17502032220363617,1.0842993259429932,0.17237140238285065,1.0687391757965088,27,2025-07-21,2025-10-21
300733,0.5476478338241577,2.611567974090576,0.4847356975078583,2.324399948120117,59,2025-07-21,2025-10-21
600508,0.117093525826931,0.9581592082977295,0.12093698233366013,0.9905480742454529,52,2025-07-21,2025-10-21
002588,0.12592725455760956,1.326481819152832,0.1308184415102005,1.377626895904541,61,2025-07-21,2025-10-21
836414,0.3306364417076111,2.1452577114105225,0.33099013566970825,2.142841100692749,50,2025-07-21,2025-10-21
301030,0.2659229636192322,1.402609944343567,0.24512360990047455,1.2941337823867798,27,2025-07-21,2025-10-21
601579,0.6185093522071838,2.7454886436462402,0.5335052013397217,2.4185681343078613,54,2025-07-21,2025-10-21
301185,0.28483304381370544,1.4242057800292969,0.26590317487716675,1.3289592266082764,61,2025-07-21,2025-10-21
002078,0.17957334220409393,1.2249621152877808,0.19442272186279297,1.3290760517120361,61,2025-07-21,2025-10-21
000417,0.13805116713047028,2.111302614212036,0.11683253198862076,1.821319818496704,61,2025-07-21,2025-10-21
601608,0.10591275990009308,2.04537296295166,0.09867428988218307,1.913811445236206,52,2025-07-21,2025-10-21
688678,1.1094586849212646,3.945425510406494,0.9974101185798645,3.5526387691497803,61,2025-07-21,2025-10-21
688058,0.6411808729171753,2.055182456970215,0.6144353151321411,1.9714523553848267,61,2025-07-21,2025-10-21
002315,0.935845136642456,1.756063461303711,0.8852435946464539,1.6677554845809937,27,2025-07-21,2025-10-21
002084,0.09094824641942978,2.2903482913970947,0.09344575554132462,2.37188982963562,61,2025-07-21,2025-10-21
603919,0.22922283411026,1.1620967388153076,0.22283582389354706,1.1411237716674805,27,2025-07-21,2025-10-21
603375,0.9232159852981567,2.2280287742614746,0.8802860379219055,2.1296753883361816,61,2025-07-21,2025-10-21
002601,0.29447677731513977,1.581932783126831,0.28211185336112976,1.5183123350143433,61,2025-07-21,2025-10-21
301629,5.556192874908447,2.887096643447876,4.945669174194336,2.631032705307007,52,2025-07-21,2025-10-21
002045,0.3573743999004364,2.1231424808502197,0.33058616518974304,1.9643886089324951,61,2025-07-21,2025-10-21
300553,0.8288003206253052,2.000819444656372,0.87613844871521,2.1302738189697266,27,2025-07-21,2025-10-21
600208,0.16223256289958954,3.476560592651367,0.14237961173057556,3.031095027923584,51,2025-07-21,2025-10-21
300900,0.3413861095905304,1.6866538524627686,0.3341892659664154,1.6448113918304443,52,2025-07-21,2025-10-21
002835,0.24561849236488342,1.355279564857483,0.1946338564157486,1.062310814857483,52,2025-07-21,2025-10-21
600956,0.08862236142158508,1.1393022537231445,0.08088095486164093,1.0413470268249512,61,2025-07-21,2025-10-21
605001,0.09930805116891861,1.2691936492919922,0.09863901138305664,1.261428713798523,27,2025-07-21,2025-10-21
301053,0.9251900315284729,2.720280647277832,0.7487903833389282,2.2196245193481445,27,2025-07-21,2025-10-21
688575,0.1596011072397232,1.0475622415542603,0.1484740674495697,0.9701074957847595,61,2025-07-21,2025-10-21
871694,0.723646879196167,3.261870861053467,0.7219894528388977,3.304171562194824,27,2025-07-21,2025-10-21
603798,0.4071936011314392,2.7770848274230957,0.3485315442085266,2.3989341259002686,52,2025-07-21,2025-10-21
000338,0.14892853796482086,1.000644564628601,0.1341896951198578,0.8989126682281494,61,2025-07-21,2025-10-21
605376,1.6203023195266724,3.1482930183410645,1.4861797094345093,2.91146183013916,61,2025-07-21,2025-10-21
301025,0.15220500528812408,1.3389356136322021,0.14969874918460846,1.3222427368164062,27,2025-07-21,2025-10-21
002347,0.09361634403467178,1.276566505432129,0.09144467115402222,1.248234748840332,27,2025-07-21,2025-10-21
002620,0.1607397049665451,3.0084362030029297,0.13184478878974915,2.468632459640503,61,2025-07-21,2025-10-21
002451,0.07232111692428589,1.006208062171936,0.07919716089963913,1.1032956838607788,27,2025-07-21,2025-10-21
002376,0.10141577571630478,1.2667958736419678,0.08675207942724228,1.091412901878357,27,2025-07-21,2025-10-21
300795,0.24569715559482574,1.6032778024673462,0.23344656825065613,1.507408857345581,59,2025-07-21,2025-10-21
300873,0.5332854986190796,2.215686798095703,0.4834732413291931,2.0142393112182617,52,2025-07-21,2025-10-21
688501,0.5428905487060547,1.8712626695632935,0.5153383612632751,1.7684545516967773,27,2025-07-21,2025-10-21
300257,0.340665340423584,2.3539228439331055,0.3330279290676117,2.301276206970215,59,2025-07-21,2025-10-21
301529,3.4175405502319336,4.385378837585449,3.2731916904449463,4.222625255584717,59,2025-07-21,2025-10-21
300197,0.04272943735122681,1.8590364456176758,0.04363984987139702,1.9201282262802124,59,2025-07-21,2025-10-21
831834,0.7681310772895813,4.415833950042725,0.9258133172988892,5.505341053009033,50,2025-07-21,2025-10-21
300719,0.29226309061050415,1.6648706197738647,0.2380448430776596,1.3485206365585327,60,2025-07-21,2025-10-21
603367,1.1338043212890625,4.374664783477783,1.023809790611267,4.0059003829956055,61,2025-07-21,2025-10-21
300610,0.15059827268123627,1.2356631755828857,0.1300216168165207,1.0663317441940308,61,2025-07-21,2025-10-21
000998,0.05328729376196861,0.5312311053276062,0.05921240150928497,0.5902125239372253,27,2025-07-21,2025-10-21
002247,0.04221728816628456,1.5052982568740845,0.03805285319685936,1.3686214685440063,52,2025-07-21,2025-10-21
831855,0.413796991109848,1.8845922946929932,0.44061896204948425,2.0101730823516846,50,2025-07-21,2025-10-21
300831,0.2018439918756485,1.3587067127227783,0.19301645457744598,1.296329379081726,59,2025-07-21,2025-10-21
000915,0.3053813576698303,0.8902435898780823,0.3092949390411377,0.9015785455703735,27,2025-07-21,2025-10-21
000042,0.14076480269432068,1.653052806854248,0.11506810784339905,1.3584718704223633,61,2025-07-21,2025-10-21
301361,0.5085683465003967,1.5183088779449463,0.507014274597168,1.512069582939148,59,2025-07-21,2025-10-21
002587,0.10000647604465485,1.5700963735580444,0.08038125932216644,1.2601492404937744,61,2025-07-21,2025-10-21
832786,0.2638246715068817,2.3866660594940186,0.25008171796798706,2.247917413711548,50,2025-07-21,2025-10-21
300700,0.2690064311027527,2.142030715942383,0.25141364336013794,2.0073318481445312,61,2025-07-21,2025-10-21
600992,0.17705509066581726,1.1946860551834106,0.17120017111301422,1.1571221351623535,61,2025-07-21,2025-10-21
605268,0.2071744054555893,1.9757317304611206,0.1994064301252365,1.9039067029953003,61,2025-07-21,2025-10-21
600821,0.04967821016907692,0.8683648705482483,0.04606815427541733,0.8078522086143494,61,2025-07-21,2025-10-21
688035,1.7324111461639404,3.2862026691436768,1.6735142469406128,3.1867969036102295,61,2025-07-21,2025-10-21
000421,0.0720386952161789,1.1004952192306519,0.0736866146326065,1.1220747232437134,61,2025-07-21,2025-10-21
002102,0.0996464341878891,2.430864095687866,0.08190559595823288,2.0110347270965576,61,2025-07-21,2025-10-21
002755,0.5952723622322083,2.509096145629883,0.49603238701820374,2.0981621742248535,59,2025-07-21,2025-10-21
605068,0.6483951807022095,2.95792293548584,0.5997377038002014,2.7571942806243896,27,2025-07-21,2025-10-21
000810,0.11638171225786209,0.9720646142959595,0.12515294551849365,1.04828941822052,27,2025-07-21,2025-10-21
600203,0.5502386689186096,3.7566654682159424,0.4980720281600952,3.4202191829681396,61,2025-07-21,2025-10-21
688236,0.5810142159461975,2.498028516769409,0.4967980980873108,2.1436612606048584,59,2025-07-21,2025-10-21
605298,1.5936274528503418,4.799179553985596,1.2001526355743408,3.652635097503662,61,2025-07-21,2025-10-21
002743,0.096516452729702,1.680830478668213,0.08673380315303802,1.4996501207351685,59,2025-07-21,2025-10-21
600844,0.04174577072262764,1.3236627578735352,0.039085302501916885,1.2344894409179688,61,2025-07-21,2025-10-21
002560,0.1756073385477066,2.168302059173584,0.15456673502922058,1.9027915000915527,61,2025-07-21,2025-10-21
000890,0.07913875579833984,1.853613018989563,0.07156599313020706,1.6895092725753784,27,2025-07-21,2025-10-21
301106,0.4746432602405548,1.5272883176803589,0.4041818380355835,1.2938008308410645,61,2025-07-21,2025-10-21
600161,0.17485788464546204,0.850947380065918,0.20531152188777924,1.0029382705688477,27,2025-07-21,2025-10-21
000863,0.028870441019535065,0.8079904317855835,0.03049612045288086,0.8535797595977783,27,2025-07-21,2025-10-21
600088,0.2098870426416397,1.2211294174194336,0.20700454711914062,1.2063345909118652,27,2025-07-21,2025-10-21
300252,0.42447370290756226,3.074056386947632,0.40138885378837585,2.933300256729126,59,2025-07-21,2025-10-21
300597,0.15858455002307892,1.6572482585906982,0.13134165108203888,1.364364504814148,61,2025-07-21,2025-10-21
002340,0.07947199791669846,1.1840970516204834,0.06781858950853348,1.011999249458313,27,2025-07-21,2025-10-21
600036,0.35765597224235535,0.8371638059616089,0.30802732706069946,0.714966356754303,52,2025-07-21,2025-10-21
688026,0.3658130466938019,1.900841474533081,0.3394024968147278,1.766777753829956,61,2025-07-21,2025-10-21
688670,0.26979225873947144,1.6861385107040405,0.24276359379291534,1.5229134559631348,61,2025-07-21,2025-10-21
002807,0.05627802759408951,1.1770589351654053,0.05199146270751953,1.0854302644729614,52,2025-07-21,2025-10-21
300487,0.7261982560157776,1.3839129209518433,0.6612235307693481,1.260590672492981,27,2025-07-21,2025-10-21
002877,0.09868660569190979,1.114621877670288,0.0903482437133789,1.0233616828918457,27,2025-07-21,2025-10-21
003006,0.746990978717804,2.695260763168335,0.583625853061676,2.0948073863983154,27,2025-07-21,2025-10-21
600671,0.5885627269744873,3.507629871368408,0.469778835773468,2.841158866882324,27,2025-07-21,2025-10-21
003027,0.24998100101947784,1.289448618888855,0.20634233951568604,1.0697129964828491,27,2025-07-21,2025-10-21
300585,0.3267227113246918,1.9718286991119385,0.3084784150123596,1.8724725246429443,61,2025-07-21,2025-10-21
002848,0.17854906618595123,2.1440651416778564,0.14881478250026703,1.8009953498840332,52,2025-07-21,2025-10-21
002385,0.03183446079492569,0.7554575800895691,0.024851445108652115,0.590746283531189,27,2025-07-21,2025-10-21
600353,0.6045994162559509,3.5948455333709717,0.554718017578125,3.295654058456421,59,2025-07-21,2025-10-21
000848,0.08634192496538162,0.9685630202293396,0.0706467479467392,0.7923986911773682,27,2025-07-21,2025-10-21
603006,0.24176780879497528,1.790650725364685,0.22676096856594086,1.6789108514785767,27,2025-07-21,2025-10-21
300366,0.15041474997997284,1.7711540460586548,0.13694307208061218,1.6182221174240112,27,2025-07-21,2025-10-21
300162,0.14119303226470947,1.8681161403656006,0.14080002903938293,1.8568768501281738,61,2025-07-21,2025-10-21
601678,0.056643128395080566,1.3045562505722046,0.05495939776301384,1.264088749885559,52,2025-07-21,2025-10-21
301658,0.8187037706375122,2.305845260620117,0.7294362783432007,2.0587923526763916,52,2025-07-21,2025-10-21
301078,0.19502809643745422,1.4808809757232666,0.17743287980556488,1.3515914678573608,27,2025-07-21,2025-10-21
300411,0.3983953595161438,2.73504376411438,0.3778254985809326,2.5951499938964844,27,2025-07-21,2025-10-21
300371,0.27150875329971313,1.98994779586792,0.26403841376304626,1.9489539861679077,27,2025-07-21,2025-10-21
000651,0.4710873067378998,1.07891047000885,0.43056657910346985,0.9725483059883118,52,2025-07-21,2025-10-21
300105,0.0884651467204094,1.180090069770813,0.07697572559118271,1.022857427597046,61,2025-07-21,2025-10-21
600533,0.028993085026741028,1.0392533540725708,0.035088811069726944,1.259987473487854,27,2025-07-21,2025-10-21
301305,0.40353795886039734,1.9578391313552856,0.3717910349369049,1.8113573789596558,59,2025-07-21,2025-10-21
300847,0.3373945653438568,1.76826012134552,0.30597978830337524,1.5888501405715942,52,2025-07-21,2025-10-21
002050,1.3118736743927002,3.454378128051758,1.1160221099853516,2.943331480026245,61,2025-07-21,2025-10-21
300851,0.3633333742618561,1.289869785308838,0.32444825768470764,1.1504871845245361,52,2025-07-21,2025-10-21
600011,0.087550587952137,1.1812294721603394,0.08447111397981644,1.137020230293274,52,2025-07-21,2025-10-21
834475,0.44863998889923096,2.070815086364746,0.414771169424057,1.8739583492279053,50,2025-07-21,2025-10-21
603456,0.4438575804233551,2.3373801708221436,0.44957205653190613,2.362553119659424,59,2025-07-21,2025-10-21
600547,0.508094072341919,1.619538426399231,0.47108593583106995,1.5034068822860718,27,2025-07-21,2025-10-21
301329,0.26782310009002686,1.286048412322998,0.2466278076171875,1.1826571226119995,59,2025-07-21,2025-10-21
000703,0.08185192197561264,1.3285138607025146,0.06856660544872284,1.118047833442688,27,2025-07-21,2025-10-21
002449,0.11187846213579178,1.1665546894073486,0.10279422253370285,1.0765801668167114,27,2025-07-21,2025-10-21
300694,0.18292714655399323,1.4277514219284058,0.17535242438316345,1.3604466915130615,61,2025-07-21,2025-10-21
003019,1.1022588014602661,2.9545822143554688,0.8506366014480591,2.26800799369812,27,2025-07-21,2025-10-21
688220,3.8255765438079834,3.8620643615722656,3.531777858734131,3.5847411155700684,59,2025-07-21,2025-10-21
300732,0.3445402681827545,3.3998827934265137,0.3233085572719574,3.250209331512451,60,2025-07-21,2025-10-21
000833,0.1606554090976715,1.2826004028320312,0.153651162981987,1.2277776002883911,27,2025-07-21,2025-10-21
002388,0.07904234528541565,1.6757724285125732,0.05432851240038872,1.1567635536193848,27,2025-07-21,2025-10-21
688373,0.1606428325176239,2.0267748832702637,0.14187657833099365,1.7924872636795044,27,2025-07-21,2025-10-21
600888,0.135999858379364,1.7580302953720093,0.11858129501342773,1.5453708171844482,61,2025-07-21,2025-10-21
301580,0.967775285243988,1.982301115989685,0.9189852476119995,1.8629686832427979,54,2025-07-21,2025-10-21
600917,0.03510962054133415,0.6036076545715332,0.034432340413331985,0.5916033983230591,61,2025-07-21,2025-10-21
688515,2.1738359928131104,2.2176897525787354,2.144059419631958,2.184907913208008,27,2025-07-21,2025-10-21
603515,0.18208248913288116,0.9986254572868347,0.16390302777290344,0.9015380144119263,59,2025-07-21,2025-10-21
002453,0.11346885561943054,1.840564250946045,0.09680741280317307,1.5840033292770386,27,2025-07-21,2025-10-21
600378,0.4829930365085602,1.668401837348938,0.47267574071884155,1.6377826929092407,59,2025-07-21,2025-10-21
688184,0.1219802275300026,1.1620128154754639,0.12321394681930542,1.1696140766143799,59,2025-07-21,2025-10-21
300077,0.5186141133308411,2.033450126647949,0.469893217086792,1.8259022235870361,61,2025-07-21,2025-10-21
300640,0.08830180019140244,1.3454256057739258,0.0808568075299263,1.2306137084960938,61,2025-07-21,2025-10-21
000919,0.07400056719779968,1.0229357481002808,0.06655807793140411,0.9200631380081177,27,2025-07-21,2025-10-21
600909,0.06748252362012863,1.065798282623291,0.06313402205705643,0.9972226619720459,61,2025-07-21,2025-10-21
000019,0.05670822039246559,0.8285704851150513,0.05688272416591644,0.8296752572059631,61,2025-07-21,2025-10-21
603658,0.46537962555885315,1.1424815654754639,0.3825616240501404,0.9373656511306763,59,2025-07-21,2025-10-21
300141,0.2597045302391052,2.3907511234283447,0.2500084340572357,2.336064338684082,61,2025-07-21,2025-10-21
600157,0.020721130073070526,1.4051951169967651,0.020420290529727936,1.3978955745697021,27,2025-07-21,2025-10-21
600860,0.22047314047813416,1.7271742820739746,0.19112232327461243,1.4930444955825806,61,2025-07-21,2025-10-21
002055,0.17337238788604736,2.227294921875,0.16724620759487152,2.1533613204956055,61,2025-07-21,2025-10-21
301320,0.33021143078804016,1.6446255445480347,0.3037829101085663,1.5069503784179688,59,2025-07-21,2025-10-21
688697,0.317587286233902,2.0628602504730225,0.30575916171073914,1.9883030652999878,61,2025-07-21,2025-10-21
301163,0.40247616171836853,1.4318528175354004,0.3794613778591156,1.3436766862869263,61,2025-07-21,2025-10-21
002536,0.8876708149909973,3.610081195831299,0.8284150958061218,3.3526313304901123,61,2025-07-21,2025-10-21
301033,2.5017542839050293,3.1951968669891357,2.1523518562316895,2.732712984085083,27,2025-07-21,2025-10-21
603387,0.07357712835073471,0.8647522926330566,0.0678667277097702,0.7998582124710083,61,2025-07-21,2025-10-21
301115,0.16859281063079834,1.0398920774459839,0.16885285079479218,1.039226770401001,61,2025-07-21,2025-10-21
600629,0.6804531812667847,5.169137954711914,0.5473816990852356,4.1753387451171875,27,2025-07-21,2025-10-21
301286,0.3246975243091583,1.20283842086792,0.3171263337135315,1.1763972043991089,61,2025-07-21,2025-10-21
600575,0.027066310867667198,0.7600263357162476,0.025532536208629608,0.7163161039352417,27,2025-07-21,2025-10-21
300994,0.3990729749202728,2.1298608779907227,0.3806167244911194,2.0313730239868164,27,2025-07-21,2025-10-21
605368,0.06263753026723862,0.6314606666564941,0.058229994028806686,0.5849626660346985,61,2025-07-21,2025-10-21
002558,1.0684964656829834,3.056535005569458,0.9556092023849487,2.667302370071411,61,2025-07-21,2025-10-21
300093,0.3795122504234314,2.756096124649048,0.33449316024780273,2.4340360164642334,61,2025-07-21,2025-10-21
600749,1.4743107557296753,6.519278049468994,1.4327330589294434,6.288503646850586,27,2025-07-21,2025-10-21
600316,0.8998718857765198,2.251462936401367,0.7387471795082092,1.8590643405914307,61,2025-07-21,2025-10-21
002980,0.5784228444099426,2.377169370651245,0.5421531796455383,2.2366480827331543,27,2025-07-21,2025-10-21
688610,2.412630558013916,3.8378384113311768,2.090402126312256,3.330296754837036,61,2025-07-21,2025-10-21
688113,0.8044863939285278,2.017005443572998,0.712689995765686,1.787123680114746,59,2025-07-21,2025-10-21
301039,0.09836529195308685,1.1085385084152222,0.09652914851903915,1.0908933877944946,27,2025-07-21,2025-10-21
600606,0.03217821568250656,1.6558442115783691,0.02716773934662342,1.400927186012268,27,2025-07-21,2025-10-21
605128,0.7400834560394287,2.000410556793213,0.6845800876617432,1.848961591720581,27,2025-07-21,2025-10-21
000006,0.2807407081127167,3.072340488433838,0.28370973467826843,2.977426528930664,61,2025-07-21,2025-10-21
301066,0.1774296909570694,1.10831618309021,0.19172145426273346,1.1971893310546875,27,2025-07-21,2025-10-21
300917,1.0545636415481567,2.263587713241577,0.9226948618888855,1.9894013404846191,27,2025-07-21,2025-10-21
300253,0.19411437213420868,1.9562838077545166,0.16613805294036865,1.6746623516082764,59,2025-07-21,2025-10-21
600845,0.3499058783054352,1.4461674690246582,0.3257845342159271,1.3397083282470703,61,2025-07-21,2025-10-21
